id,first_name,last_name,email,gender,ip_address
1,Josh,Fosh,jfosh0@indiatimes.com,Male,100.196.120.176
2,Max,Clemitt,mclemitt1@nytimes.com,Female,113.152.200.230
3,Verney,Ladel,vladel2@phpbb.com,Male,38.228.57.255
4,Frasco,Eborall,feborall3@comsenz.com,Male,38.30.77.21
5,Timmie,D'Souza,tdsouza4@gov.uk,Female,5.13.169.190
6,Stevana,Wornum,swornum5@amazon.de,Female,105.244.132.248
7,Audie,Nappin,anappin6@hp.com,Female,162.60.180.48
8,Renado,Petracek,rpetracek7@sciencedirect.com,Male,87.219.169.149
9,Mikael,Pruvost,mpruvost8@springer.com,Male,62.58.155.126
10,Lynnell,Mazzeo,lmazzeo9@rediff.com,Female,41.217.95.212
11,Ronald,McGahey,rmcgaheya@devhub.com,Male,29.228.217.183
12,Serena,Marshland,smarshlandb@java.com,Female,185.131.64.223
13,Bard,Norman,bnormanc@hp.com,Male,33.121.220.180
14,Lora,Gaudon,lgaudond@msn.com,Female,0.66.49.220
15,Aileen,Tryhorn,atryhorne@skyrock.com,Female,58.246.61.172
16,Field,Duffree,fduffreef@ca.gov,Male,9.177.111.249
17,Donnie,Meaddowcroft,dmeaddowcroftg@howstuffworks.com,Female,202.47.66.226
18,Grace,Whinray,gwhinrayh@wordpress.org,Male,19.209.142.179
19,Claudette,Fitchell,cfitchelli@goo.ne.jp,Female,145.111.245.51
20,Jermain,Drance,jdrancej@webnode.com,Male,100.163.147.101
21,Gilbertine,Glaserman,gglasermank@businessinsider.com,Female,241.213.110.53
22,Enrique,Struther,estrutherl@altervista.org,Male,53.92.142.173
23,Atalanta,Strick,astrickm@earthlink.net,Female,230.105.90.250
24,Aleda,Ludlem,aludlemn@dot.gov,Female,25.65.246.147
25,Cosme,Surcombe,csurcombeo@cam.ac.uk,Male,76.123.59.183
26,Adorne,Teas,ateasp@opera.com,Female,155.181.229.197
27,Diego,Midson,dmidsonq@bigcartel.com,Male,246.33.196.5
28,Raffaello,Reinhardt,rreinhardtr@bloomberg.com,Male,150.12.24.14
29,Ange,Walas,awalass@simplemachines.org,Female,237.142.200.238
30,Whitaker,Skynner,wskynnert@amazon.co.jp,Male,122.52.52.3
31,Emmy,Brereton,ebreretonu@examiner.com,Female,49.87.118.139
32,Jasun,Cohr,jcohrv@goo.gl,Male,253.236.38.34
33,Fredi,Birkenhead,fbirkenheadw@arstechnica.com,Female,187.229.59.65
34,Salomo,Laister,slaisterx@mapquest.com,Male,104.187.82.193
35,Salaidh,Geerling,sgeerlingy@timesonline.co.uk,Female,134.111.151.193
36,Dionisio,Batham,dbathamz@cargocollective.com,Male,238.63.8.214
37,Berni,McCole,bmccole10@ibm.com,Female,206.218.43.185
38,Gena,Lonie,glonie11@bigcartel.com,Female,177.184.91.84
39,Elna,Berkowitz,eberkowitz12@arizona.edu,Female,183.8.36.106
40,Sandy,Tovey,stovey13@google.com.br,Female,158.33.43.155
41,Darby,Crohan,dcrohan14@npr.org,Female,37.192.210.92
42,Marlee,Benard,mbenard15@illinois.edu,Female,97.177.11.216
43,Heidi,Mates,hmates16@chicagotribune.com,Female,188.95.162.3
44,Jocelin,Seedull,jseedull17@yahoo.com,Female,48.212.249.185
45,Domeniga,Jillis,djillis18@reverbnation.com,Female,57.187.171.164
46,Marjy,McGoon,mmcgoon19@so-net.ne.jp,Female,103.6.108.74
47,Rickey,Dillingston,rdillingston1a@meetup.com,Male,92.82.234.160
48,Isa,Lochran,ilochran1b@adobe.com,Female,89.224.95.204
49,Delmor,Nellen,dnellen1c@1und1.de,Male,240.129.234.114
50,Yalonda,Mingey,ymingey1d@godaddy.com,Female,167.82.211.4
51,Candace,Sanbroke,csanbroke1e@themeforest.net,Female,180.246.102.122
52,Noell,Blasli,nblasli1f@google.it,Female,64.236.170.184
53,Seline,Paulley,spaulley1g@ow.ly,Female,188.59.72.87
54,Risa,Smerdon,rsmerdon1h@ibm.com,Female,189.166.44.95
55,Tansy,Stonuary,tstonuary1i@symantec.com,Female,165.160.10.231
56,Koenraad,Hardaway,khardaway1j@slashdot.org,Male,59.98.64.93
57,Lorry,Scrowton,lscrowton1k@berkeley.edu,Male,213.156.131.208
58,Ellis,Dounbare,edounbare1l@house.gov,Male,33.30.169.44
59,Stearn,Bartolomeo,sbartolomeo1m@mapy.cz,Male,168.232.216.222
60,Jeannette,Humpatch,jhumpatch1n@phoca.cz,Female,145.242.206.202
61,Abby,Strover,astrover1o@wikispaces.com,Male,62.220.136.174
62,Raeann,Allder,rallder1p@dagondesign.com,Female,104.228.190.145
63,Edmon,Bursell,ebursell1q@friendfeed.com,Male,25.87.100.184
64,Rudie,Linneman,rlinneman1r@yelp.com,Male,242.203.116.231
65,Graig,Renvoys,grenvoys1s@dedecms.com,Male,215.187.191.70
66,Gregorius,Marwood,gmarwood1t@accuweather.com,Male,72.154.205.14
67,Wileen,Dorrian,wdorrian1u@reddit.com,Female,123.253.46.226
68,Alair,Thumnel,athumnel1v@blogger.com,Male,167.147.43.182
69,Chrotoem,Nibloe,cnibloe1w@google.pl,Male,90.118.30.32
70,Mose,Hogbin,mhogbin1x@g.co,Male,164.120.39.55
71,Decca,Kuhnel,dkuhnel1y@xinhuanet.com,Male,149.136.119.155
72,Launce,Aumerle,laumerle1z@wp.com,Male,249.128.81.203
73,Davie,Wanless,dwanless20@google.cn,Male,102.59.87.236
74,Lucas,Foyston,lfoyston21@omniture.com,Male,104.205.33.211
75,Sonnie,McClaughlin,smcclaughlin22@theatlantic.com,Male,7.26.196.199
76,Verne,Burdas,vburdas23@infoseek.co.jp,Male,145.135.227.45
77,Andras,Dall,adall24@slashdot.org,Male,132.178.9.213
78,Shae,Merkle,smerkle25@fastcompany.com,Female,67.165.72.202
79,Antone,Jeffress,ajeffress26@blogs.com,Male,94.215.218.216
80,Carlo,MacTimpany,cmactimpany27@amazon.co.jp,Male,169.182.229.246
81,Valene,Chedzoy,vchedzoy28@feedburner.com,Female,102.179.199.211
82,Daryl,Logesdale,dlogesdale29@1und1.de,Male,164.42.202.209
83,Reggy,Sauvain,rsauvain2a@drupal.org,Male,100.111.74.13
84,Barnaby,Caulder,bcaulder2b@biglobe.ne.jp,Male,30.186.208.238
85,Finley,Statefield,fstatefield2c@cocolog-nifty.com,Male,231.32.93.195
86,Kimble,Rowbury,krowbury2d@patch.com,Male,98.181.68.222
87,Burl,Donisi,bdonisi2e@netvibes.com,Male,73.248.40.186
88,Tabbi,Pedersen,tpedersen2f@yellowbook.com,Female,165.84.74.78
89,Sheena,Cantero,scantero2g@google.ru,Female,181.130.216.236
90,Corney,Gossling,cgossling2h@jugem.jp,Male,66.194.124.21
91,Bruce,Prowse,bprowse2i@google.it,Male,200.156.221.149
92,Monroe,Smitheram,msmitheram2j@rakuten.co.jp,Male,254.106.225.125
93,Davin,Hallawell,dhallawell2k@facebook.com,Male,10.182.84.19
94,Dominick,Oggers,doggers2l@usatoday.com,Male,157.71.255.177
95,Viviyan,Rodder,vrodder2m@geocities.jp,Female,168.209.240.172
96,Shepperd,Ciccarelli,sciccarelli2n@wisc.edu,Male,182.49.36.82
97,Emilio,Speirs,espeirs2o@edublogs.org,Male,133.119.136.215
98,Wilhelmine,Lambersen,wlambersen2p@phpbb.com,Female,131.173.241.19
99,Gideon,Jasper,gjasper2q@va.gov,Male,29.128.143.199
100,Rikki,Statter,rstatter2r@liveinternet.ru,Female,116.111.95.119
101,Ulises,Ruane,uruane2s@dyndns.org,Male,212.58.126.42
102,Sancho,Houlison,shoulison2t@cbc.ca,Male,151.33.164.247
103,Lucy,Ainger,lainger2u@loc.gov,Female,130.122.100.190
104,Brew,Connett,bconnett2v@eepurl.com,Male,69.153.55.216
105,Barrett,Domney,bdomney2w@salon.com,Male,3.113.89.20
106,Markos,Isard,misard2x@squarespace.com,Male,167.249.97.201
107,Benedicta,Battle,bbattle2y@netscape.com,Female,142.127.56.149
108,Conant,Moylan,cmoylan2z@github.io,Male,193.25.207.56
109,Madelon,Easlea,measlea30@facebook.com,Female,198.42.12.32
110,Fidelia,Bathurst,fbathurst31@sina.com.cn,Female,188.86.180.218
111,Bonnibelle,Bagnall,bbagnall32@gov.uk,Female,230.216.158.46
112,Kleon,Rockhall,krockhall33@zimbio.com,Male,196.38.150.225
113,Javier,Swaite,jswaite34@mozilla.com,Male,156.42.242.230
114,Guglielmo,Olver,golver35@xinhuanet.com,Male,2.224.50.182
115,Robinson,Rickets,rrickets36@slideshare.net,Male,155.152.148.237
116,Osborne,Leban,oleban37@live.com,Male,252.243.212.246
117,Malvina,Dudman,mdudman38@e-recht24.de,Female,239.132.178.103
118,Kin,Paladini,kpaladini39@dmoz.org,Male,213.62.73.225
119,Mahala,Aggio,maggio3a@ibm.com,Female,181.86.244.168
120,Ebeneser,Farmiloe,efarmiloe3b@dell.com,Male,245.74.222.218
121,Claudelle,Pettiford,cpettiford3c@typepad.com,Female,145.125.160.16
122,Vania,Verheyden,vverheyden3d@wix.com,Female,58.251.49.200
123,Katrina,Novotni,knovotni3e@wired.com,Female,134.43.253.211
124,Steffie,Lundbech,slundbech3f@acquirethisname.com,Female,210.34.23.31
125,Anson,Nowakowska,anowakowska3g@dyndns.org,Male,119.106.253.153
126,Adriena,Novill,anovill3h@marketwatch.com,Female,45.184.249.243
127,Clovis,Eddleston,ceddleston3i@infoseek.co.jp,Female,115.121.50.17
128,Shena,Stollberg,sstollberg3j@hostgator.com,Female,239.241.35.53
129,Lloyd,Jeckell,ljeckell3k@sohu.com,Male,30.224.238.186
130,Addie,Lapley,alapley3l@comcast.net,Male,32.89.163.92
131,Hurleigh,Brawson,hbrawson3m@weebly.com,Male,56.85.3.88
132,Ardis,Serck,aserck3n@wunderground.com,Female,50.248.236.214
133,Lilia,Bestwick,lbestwick3o@over-blog.com,Female,200.73.127.73
134,Griffin,Golson,ggolson3p@wordpress.com,Male,13.199.249.160
135,Chaunce,Stolberg,cstolberg3q@themeforest.net,Male,102.5.103.5
136,Magdalena,Iannuzzi,miannuzzi3r@moonfruit.com,Female,235.11.73.70
137,Lukas,Bole,lbole3s@jugem.jp,Male,162.58.154.207
138,Haskell,Chippindale,hchippindale3t@simplemachines.org,Male,189.182.237.71
139,Lisle,Grelik,lgrelik3u@yellowpages.com,Male,23.242.53.238
140,Philippine,Gherardini,pgherardini3v@flavors.me,Female,98.38.79.180
141,Rhona,Mealing,rmealing3w@archive.org,Female,48.241.128.38
142,Sebastian,Sambidge,ssambidge3x@msu.edu,Male,121.16.81.204
143,Aleta,Geaveny,ageaveny3y@sbwire.com,Female,16.130.192.202
144,Becki,Roles,broles3z@com.com,Female,56.183.177.57
145,Cleopatra,Rigbye,crigbye40@bloglines.com,Female,56.199.244.161
146,Collie,Slobom,cslobom41@nydailynews.com,Female,12.50.245.238
147,Emmy,Coan,ecoan42@a8.net,Male,64.104.26.54
148,Ardene,Hurran,ahurran43@salon.com,Female,100.40.255.246
149,Ashlen,Bonifacio,abonifacio44@vk.com,Female,242.68.210.239
150,Chery,Sterland,csterland45@mayoclinic.com,Female,116.180.192.111
151,Suzette,Bartolomeu,sbartolomeu46@arstechnica.com,Female,98.178.206.72
152,Francisco,Wyllie,fwyllie47@yellowbook.com,Male,86.228.117.232
153,Nikolai,MacShirrie,nmacshirrie48@bravesites.com,Male,46.131.170.127
154,Laurene,Linguard,llinguard49@canalblog.com,Female,179.18.217.36
155,Terri,Featherstonhaugh,tfeatherstonhaugh4a@dell.com,Male,87.219.92.10
156,Rhona,Aldrick,raldrick4b@surveymonkey.com,Female,160.113.212.51
157,Noami,Tollmache,ntollmache4c@wisc.edu,Female,57.16.241.252
158,Delia,Clissold,dclissold4d@cdbaby.com,Female,79.216.235.237
159,Jobyna,Cass,jcass4e@dailymail.co.uk,Female,121.228.28.109
160,Elke,Turrill,eturrill4f@etsy.com,Female,222.199.247.110
161,Durand,Giddins,dgiddins4g@wired.com,Male,247.34.173.106
162,Stephenie,MacTrustey,smactrustey4h@state.tx.us,Female,90.212.56.91
163,Earl,Leaver,eleaver4i@mozilla.com,Male,187.137.243.146
164,Kylie,Bayliss,kbayliss4j@networksolutions.com,Female,94.172.24.254
165,Sim,Lodwick,slodwick4k@163.com,Male,58.99.133.51
166,Auguste,Van der Velde,avandervelde4l@alexa.com,Female,76.103.113.205
167,Gearard,Jankovic,gjankovic4m@disqus.com,Male,240.44.104.47
168,Mile,Gander,mgander4n@printfriendly.com,Male,49.179.126.63
169,Erma,Jillions,ejillions4o@arizona.edu,Female,23.218.248.39
170,Faulkner,Reckus,freckus4p@msu.edu,Male,174.31.221.209
171,Leilah,Tildesley,ltildesley4q@umich.edu,Female,27.137.22.80
172,Olly,Baccus,obaccus4r@rediff.com,Male,160.190.138.78
173,Jessika,Cammomile,jcammomile4s@ameblo.jp,Female,94.194.11.113
174,Tobe,Raggles,traggles4t@paypal.com,Female,191.200.208.104
175,Tripp,Sherel,tsherel4u@ebay.com,Male,108.148.176.128
176,Karola,Girardoni,kgirardoni4v@purevolume.com,Female,31.90.115.45
177,Jeanne,Dedam,jdedam4w@princeton.edu,Female,141.145.248.160
178,Walt,Coat,wcoat4x@ucsd.edu,Male,2.146.105.126
179,Madalyn,Clurow,mclurow4y@multiply.com,Female,144.68.111.127
180,Veronika,Luipold,vluipold4z@washingtonpost.com,Female,77.55.2.47
181,Jeramey,Wartonby,jwartonby50@businessinsider.com,Male,213.7.37.215
182,Romonda,Campo,rcampo51@cnet.com,Female,120.68.5.48
183,Berky,MacWilliam,bmacwilliam52@hostgator.com,Male,28.109.16.14
184,Jess,Spaughton,jspaughton53@sina.com.cn,Male,99.198.244.43
185,Smith,Pepye,spepye54@1und1.de,Male,4.151.91.38
186,Anette,Cartmael,acartmael55@themeforest.net,Female,119.41.180.209
187,Fionnula,Polini,fpolini56@dropbox.com,Female,193.160.130.40
188,Reynolds,Bigg,rbigg57@lulu.com,Male,255.41.69.79
189,Marwin,Vian,mvian58@hugedomains.com,Male,223.13.252.175
190,Westley,Menis,wmenis59@msn.com,Male,213.168.109.115
191,Dasha,Ekkel,dekkel5a@free.fr,Female,163.217.133.207
192,Yelena,Radnedge,yradnedge5b@adobe.com,Female,119.177.185.56
193,Jerrylee,Sexti,jsexti5c@hud.gov,Female,135.250.152.96
194,Kerr,Arundel,karundel5d@freewebs.com,Male,36.82.1.247
195,Richie,Malim,rmalim5e@surveymonkey.com,Male,5.68.127.6
196,Bing,Marton,bmarton5f@nyu.edu,Male,135.229.14.212
197,Patty,Mulvenna,pmulvenna5g@theguardian.com,Female,53.31.95.145
198,Idell,Dies,idies5h@buzzfeed.com,Female,50.180.144.112
199,Kerwin,Rubartelli,krubartelli5i@weibo.com,Male,16.222.143.126
200,Sibella,Suggey,ssuggey5j@nba.com,Female,131.130.57.0
201,Chaddy,Stroban,cstroban5k@marriott.com,Male,136.166.172.185
202,Ginevra,Thrift,gthrift5l@thetimes.co.uk,Female,53.178.31.56
203,Marie,Geoghegan,mgeoghegan5m@behance.net,Female,70.221.188.43
204,Bess,Bernhardsson,bbernhardsson5n@mozilla.org,Female,51.224.176.3
205,Clemmie,Jorez,cjorez5o@youtube.com,Male,237.156.161.62
206,Irv,Jorio,ijorio5p@over-blog.com,Male,96.59.78.75
207,Tabitha,Pentelow,tpentelow5q@yellowbook.com,Female,154.102.36.136
208,Aloise,Fiveash,afiveash5r@soundcloud.com,Female,117.3.17.205
209,Jude,Robatham,jrobatham5s@globo.com,Male,214.12.60.47
210,Vergil,McDyer,vmcdyer5t@zdnet.com,Male,38.178.33.93
211,Teresina,Lothean,tlothean5u@tuttocitta.it,Female,74.231.16.211
212,Concordia,Methuen,cmethuen5v@mediafire.com,Female,219.40.69.18
213,Orton,Hannah,ohannah5w@yale.edu,Male,106.147.213.218
214,Halli,MacAlees,hmacalees5x@guardian.co.uk,Female,56.103.25.204
215,Micheline,Lufkin,mlufkin5y@furl.net,Female,0.223.151.243
216,Cornelle,Hynam,chynam5z@google.fr,Female,233.135.133.249
217,Hatti,McCorry,hmccorry60@google.co.uk,Female,139.40.166.199
218,Rockey,Iglesia,riglesia61@cisco.com,Male,56.126.88.3
219,Poul,Boncore,pboncore62@hud.gov,Male,78.87.7.20
220,Berni,Westover,bwestover63@infoseek.co.jp,Female,153.175.7.94
221,Tonie,Melia,tmelia64@arstechnica.com,Female,111.253.52.82
222,Gonzales,Goolden,ggoolden65@jimdo.com,Male,145.19.189.198
223,Trixie,Beumant,tbeumant66@eepurl.com,Female,38.189.4.51
224,Augustine,Bollom,abollom67@mashable.com,Female,172.205.231.181
225,Mikael,Barsham,mbarsham68@elpais.com,Male,180.206.34.83
226,Corinna,Harold,charold69@ihg.com,Female,182.104.86.96
227,Belia,Streetfield,bstreetfield6a@soup.io,Female,162.101.3.3
228,Gertie,Thacker,gthacker6b@unc.edu,Female,120.80.113.225
229,Aigneis,Corkhill,acorkhill6c@so-net.ne.jp,Female,231.191.7.34
230,Tamas,Willmer,twillmer6d@si.edu,Male,50.21.209.155
231,Randi,Firpo,rfirpo6e@fotki.com,Male,149.99.161.118
232,Kristel,Muff,kmuff6f@tamu.edu,Female,71.152.201.178
233,Angelika,Rourke,arourke6g@i2i.jp,Female,202.23.181.224
234,Paolo,Pigdon,ppigdon6h@discovery.com,Male,11.140.247.121
235,Amara,Berriman,aberriman6i@ustream.tv,Female,1.65.201.254
236,Berkly,Uebel,buebel6j@google.ru,Male,245.182.201.66
237,Dirk,Wrought,dwrought6k@cnet.com,Male,24.78.101.148
238,Ava,Yanele,ayanele6l@wsj.com,Female,154.19.242.105
239,Tremain,Havvock,thavvock6m@vkontakte.ru,Male,153.68.30.35
240,Rosanne,MacVaugh,rmacvaugh6n@stumbleupon.com,Female,77.177.84.18
241,Reagen,Rothchild,rrothchild6o@walmart.com,Male,29.203.88.127
242,Harris,Fieldgate,hfieldgate6p@skyrock.com,Male,64.196.84.210
243,Alard,Marzello,amarzello6q@samsung.com,Male,160.76.112.51
244,Ronnie,Stife,rstife6r@google.com,Male,1.238.203.22
245,Nichol,Kernoghan,nkernoghan6s@google.de,Female,3.214.136.232
246,Clementia,Husband,chusband6t@umn.edu,Female,253.139.129.194
247,Feodor,Pennone,fpennone6u@sitemeter.com,Male,67.157.20.121
248,Erich,Boni,eboni6v@cnet.com,Male,58.215.79.244
249,Ashia,Duns,aduns6w@addthis.com,Female,167.134.35.165
250,Brande,Stains,bstains6x@skyrock.com,Female,189.69.83.72
251,Darius,Iacovides,diacovides6y@cornell.edu,Male,58.15.106.75
252,Daniel,McKevin,dmckevin6z@independent.co.uk,Male,122.164.216.88
253,Lorin,Baskerville,lbaskerville70@twitter.com,Male,191.71.237.193
254,Davon,Crain,dcrain71@arstechnica.com,Male,223.76.144.190
255,Orlan,Swettenham,oswettenham72@storify.com,Male,50.143.52.48
256,Jarrett,Fender,jfender73@google.nl,Male,207.198.74.33
257,Irving,Corns,icorns74@360.cn,Male,112.65.67.105
258,Fremont,Kimbly,fkimbly75@bravesites.com,Male,113.252.67.89
259,Adelle,Adamini,aadamini76@java.com,Female,158.117.239.200
260,Conrad,Feige,cfeige77@naver.com,Male,76.180.52.132
261,Wendell,Snazle,wsnazle78@indiatimes.com,Male,21.11.128.77
262,Jemimah,Pala,jpala79@chronoengine.com,Female,228.69.192.136
263,Gale,Budget,gbudget7a@tinyurl.com,Male,88.103.11.102
264,Earle,Leek,eleek7b@e-recht24.de,Male,214.112.177.245
265,Reid,Poultney,rpoultney7c@pcworld.com,Male,54.99.167.119
266,Violante,Stern,vstern7d@yolasite.com,Female,129.230.86.51
267,Bernadene,McElhinney,bmcelhinney7e@homestead.com,Female,128.0.224.207
268,Chrystel,Troup,ctroup7f@google.de,Female,2.217.112.84
269,Tanya,Beacock,tbeacock7g@cornell.edu,Female,201.231.179.156
270,Francesca,Langley,flangley7h@japanpost.jp,Female,150.127.132.177
271,Friedrick,Kubal,fkubal7i@microsoft.com,Male,222.90.176.181
272,Wilfrid,Hartless,whartless7j@cmu.edu,Male,145.74.8.147
273,Tymon,MacTrusty,tmactrusty7k@weebly.com,Male,62.27.72.135
274,Morlee,Dutchburn,mdutchburn7l@canalblog.com,Male,202.241.87.228
275,Ashley,Acheson,aacheson7m@abc.net.au,Female,219.93.254.114
276,Brigham,MacDwyer,bmacdwyer7n@arizona.edu,Male,182.221.45.188
277,Bendite,Beernt,bbeernt7o@weibo.com,Female,151.161.123.68
278,Crystal,Garratt,cgarratt7p@chron.com,Female,42.88.56.64
279,Heidie,Menichelli,hmenichelli7q@nydailynews.com,Female,224.26.214.210
280,Abbey,Biagini,abiagini7r@people.com.cn,Male,35.168.117.65
281,Roch,Gusney,rgusney7s@google.com.br,Female,134.158.42.196
282,Reube,Billingsly,rbillingsly7t@cisco.com,Male,19.52.180.208
283,Harwilll,Steed,hsteed7u@wiley.com,Male,92.174.190.11
284,Kalie,Chelam,kchelam7v@ezinearticles.com,Female,255.83.53.59
285,Franklin,MacGillavery,fmacgillavery7w@ed.gov,Male,151.62.200.30
286,Gerhardt,Balloch,gballoch7x@globo.com,Male,154.166.64.23
287,Bunnie,Padrick,bpadrick7y@google.es,Female,4.99.245.144
288,Kristo,Heineken,kheineken7z@irs.gov,Male,253.104.231.145
289,Whitaker,Rase,wrase80@godaddy.com,Male,192.218.213.50
290,June,Bortolussi,jbortolussi81@goo.gl,Female,126.181.97.183
291,Peyter,Eilers,peilers82@ifeng.com,Male,235.94.86.136
292,Loy,Fridaye,lfridaye83@comsenz.com,Male,74.97.140.211
293,Harry,Simchenko,hsimchenko84@yolasite.com,Male,187.166.181.223
294,Tildie,Garrod,tgarrod85@prlog.org,Female,100.131.27.68
295,Gus,Scanlan,gscanlan86@php.net,Female,188.13.87.216
296,Annalee,Laffin,alaffin87@cyberchimps.com,Female,195.215.161.16
297,Cross,Corking,ccorking88@twitter.com,Male,18.241.38.244
298,Karyn,Daniele,kdaniele89@go.com,Female,202.61.81.95
299,Evaleen,Hayhurst,ehayhurst8a@zdnet.com,Female,147.42.191.137
300,Nathanial,Darridon,ndarridon8b@latimes.com,Male,165.126.7.63
301,Byran,Nilges,bnilges8c@amazon.de,Male,246.153.11.87
302,Reidar,Wise,rwise8d@exblog.jp,Male,218.42.56.110
303,Elliot,Bartels,ebartels8e@yellowbook.com,Male,171.60.18.13
304,Karlens,Phin,kphin8f@wikimedia.org,Male,130.246.81.245
305,Iosep,Gillespey,igillespey8g@va.gov,Male,5.147.14.15
306,Chuck,Garahan,cgarahan8h@devhub.com,Male,30.243.191.227
307,Spense,Horsted,shorsted8i@soundcloud.com,Male,172.169.133.219
308,Eric,Quarmby,equarmby8j@4shared.com,Male,95.161.221.4
309,Jefferson,Bagnell,jbagnell8k@omniture.com,Male,171.138.89.16
310,Xenia,Timmins,xtimmins8l@posterous.com,Female,244.228.255.196
311,Ly,Sima,lsima8m@icq.com,Male,3.190.44.213
312,Aileen,Powner,apowner8n@biglobe.ne.jp,Female,225.66.83.39
313,Kaitlynn,Bawme,kbawme8o@cyberchimps.com,Female,67.23.244.113
314,Ingrid,Dufoure,idufoure8p@census.gov,Female,102.94.115.202
315,Marty,Spillman,mspillman8q@shinystat.com,Female,213.153.210.50
316,Meyer,Owenson,mowenson8r@unblog.fr,Male,81.12.251.243
317,Brendis,Marquese,bmarquese8s@msu.edu,Male,98.96.22.110
318,Farley,Boomes,fboomes8t@jigsy.com,Male,35.20.140.172
319,Kirby,Czadla,kczadla8u@mapquest.com,Female,55.153.64.104
320,Mirelle,Queen,mqueen8v@ebay.co.uk,Female,49.250.145.151
321,Barret,Disney,bdisney8w@com.com,Male,99.166.99.238
322,Garret,Ruffey,gruffey8x@pbs.org,Male,63.236.51.20
323,Eliot,Gueny,egueny8y@archive.org,Male,163.44.131.68
324,Lyell,Simonnet,lsimonnet8z@deviantart.com,Male,157.118.14.86
325,Don,Aim,daim90@e-recht24.de,Male,142.195.25.97
326,Rubin,Kitt,rkitt91@reuters.com,Male,150.12.144.26
327,Emalee,Treece,etreece92@ted.com,Female,239.118.237.18
328,Gracia,Petrosian,gpetrosian93@google.pl,Female,203.40.166.93
329,Adena,Battye,abattye94@washington.edu,Female,61.252.188.110
330,Abeu,Giorio,agiorio95@exblog.jp,Male,12.208.23.106
331,Falito,Goodrich,fgoodrich96@prnewswire.com,Male,41.191.79.0
332,Dasi,Ridsdell,dridsdell97@umn.edu,Female,136.107.52.216
333,Honey,Jasper,hjasper98@multiply.com,Female,190.120.118.36
334,Blanch,Esh,besh99@fda.gov,Female,148.186.141.149
335,Shayla,Awin,sawin9a@abc.net.au,Female,50.113.153.15
336,Karole,Stokoe,kstokoe9b@gov.uk,Female,1.138.54.24
337,Emelen,Coddington,ecoddington9c@prnewswire.com,Male,87.36.112.158
338,Celestia,Arsmith,carsmith9d@joomla.org,Female,222.234.142.110
339,Alfred,Allawy,aallawy9e@acquirethisname.com,Male,98.226.206.67
340,Jasun,Lohoar,jlohoar9f@mail.ru,Male,217.16.106.44
341,Nicol,Bauldrey,nbauldrey9g@chronoengine.com,Male,140.222.40.78
342,Cesaro,Goulborne,cgoulborne9h@unicef.org,Male,205.178.13.32
343,Cordie,Charlotte,ccharlotte9i@phoca.cz,Male,22.177.168.206
344,Aubree,Puddephatt,apuddephatt9j@merriam-webster.com,Female,163.25.21.106
345,Kristien,Dixie,kdixie9k@microsoft.com,Female,246.195.6.94
346,Cly,Toth,ctoth9l@spiegel.de,Male,99.98.24.15
347,Aubrette,Franseco,afranseco9m@chron.com,Female,68.125.234.85
348,Willy,Exelby,wexelby9n@nhs.uk,Male,153.137.80.216
349,Elliott,Akett,eakett9o@liveinternet.ru,Male,243.22.132.30
350,Myrilla,Morter,mmorter9p@rambler.ru,Female,180.124.28.212
351,Harriott,Coultard,hcoultard9q@ezinearticles.com,Female,74.46.180.4
352,Gonzalo,Postlethwaite,gpostlethwaite9r@de.vu,Male,41.183.234.30
353,Warde,Wisniewski,wwisniewski9s@about.me,Male,233.253.147.29
354,Tyne,Easeman,teaseman9t@fda.gov,Female,70.154.26.234
355,Flossi,Janousek,fjanousek9u@ted.com,Female,198.72.203.84
356,Karmen,Milam,kmilam9v@friendfeed.com,Female,75.44.38.26
357,Marylynne,Jeavons,mjeavons9w@geocities.com,Female,114.85.167.203
358,Brenna,Petz,bpetz9x@chicagotribune.com,Female,53.58.244.21
359,Sofia,Wisniowski,swisniowski9y@unc.edu,Female,71.52.244.122
360,Rusty,Cansfield,rcansfield9z@mtv.com,Male,142.231.115.3
361,Phil,Rubinov,prubinova0@wp.com,Male,214.55.44.200
362,Henriette,Wood,hwooda1@dyndns.org,Female,64.85.73.66
363,Greggory,Torritti,gtorrittia2@miibeian.gov.cn,Male,226.122.153.251
364,Stewart,Bambrick,sbambricka3@blinklist.com,Male,138.100.149.195
365,Emlen,Jaycocks,ejaycocksa4@ebay.co.uk,Male,149.182.166.147
366,Andee,Janda,ajandaa5@wufoo.com,Female,125.215.124.65
367,Karrie,Riddiford,kriddiforda6@gizmodo.com,Female,235.160.182.140
368,Ara,Wheatland,awheatlanda7@weather.com,Male,12.212.225.227
369,Annaliese,Dowling,adowlinga8@stanford.edu,Female,236.192.183.140
370,Darb,Winn,dwinna9@bizjournals.com,Male,107.211.83.71
371,Roxanne,Nouch,rnouchaa@nih.gov,Female,32.59.165.120
372,Rawley,Lempenny,rlempennyab@slideshare.net,Male,16.133.203.136
373,Jemmie,Hopkynson,jhopkynsonac@shareasale.com,Female,138.221.17.205
374,Jozef,Megarrell,jmegarrellad@tamu.edu,Male,201.236.250.170
375,Uta,Margerrison,umargerrisonae@techcrunch.com,Female,51.211.1.220
376,Mathias,Behrendsen,mbehrendsenaf@walmart.com,Male,218.185.231.40
377,Thorny,Walbrook,twalbrookag@aboutads.info,Male,79.172.127.72
378,Judon,Ebenezer,jebenezerah@theatlantic.com,Male,13.221.208.116
379,Abe,Ashfull,aashfullai@nhs.uk,Male,246.195.211.87
380,Caritta,Davet,cdavetaj@bloglovin.com,Female,71.200.246.219
381,Issiah,Cobden,icobdenak@google.ca,Male,183.146.129.203
382,Weston,McBrearty,wmcbreartyal@opensource.org,Male,47.39.101.139
383,Everard,Ox,eoxam@seattletimes.com,Male,159.175.183.52
384,Harlin,Leads,hleadsan@washington.edu,Male,150.4.172.162
385,Renado,Easeman,reasemanao@studiopress.com,Male,238.245.10.125
386,Tatiania,Delmage,tdelmageap@alexa.com,Female,71.110.186.109
387,Blithe,McNuff,bmcnuffaq@timesonline.co.uk,Female,5.97.73.8
388,Ardis,Sennett,asennettar@nydailynews.com,Female,101.236.20.123
389,Cassie,Blampey,cblampeyas@comcast.net,Male,156.25.79.245
390,Kennett,Hebditch,khebditchat@cnet.com,Male,165.230.253.219
391,Rodrigo,Bachura,rbachuraau@a8.net,Male,63.216.192.214
392,Andromache,Hachard,ahachardav@utexas.edu,Female,124.129.165.90
393,Yettie,O'Tierney,yotierneyaw@parallels.com,Female,76.115.232.245
394,Kelli,Garvie,kgarvieax@google.es,Female,133.71.43.110
395,Brew,Dannett,bdannettay@rakuten.co.jp,Male,6.36.225.123
396,Harbert,Benn,hbennaz@nationalgeographic.com,Male,19.134.235.60
397,Albie,Brotheridge,abrotheridgeb0@scribd.com,Male,166.98.152.202
398,Mandel,Etteridge,metteridgeb1@sourceforge.net,Male,63.116.172.208
399,Karlotta,Heyns,kheynsb2@seesaa.net,Female,184.61.35.54
400,Brynne,Kennelly,bkennellyb3@shop-pro.jp,Female,38.104.120.163
401,Rodina,Camus,rcamusb4@reddit.com,Female,60.139.247.207
402,Genny,Kordovani,gkordovanib5@flickr.com,Female,253.176.197.153
403,Anni,Veryard,averyardb6@discuz.net,Female,68.179.232.94
404,Waring,Hince,whinceb7@ebay.com,Male,151.103.37.227
405,Nicola,Allerton,nallertonb8@ebay.com,Female,219.46.156.10
406,Vinny,Munnery,vmunneryb9@virginia.edu,Female,161.59.215.185
407,Kally,Armistead,karmisteadba@deliciousdays.com,Female,140.94.161.164
408,Nelia,Lowndesbrough,nlowndesbroughbb@nyu.edu,Female,74.5.253.200
409,Carlos,Caldwell,ccaldwellbc@go.com,Male,251.54.130.193
410,Alene,Latour,alatourbd@kickstarter.com,Female,76.253.164.116
411,Kristofor,Welsh,kwelshbe@so-net.ne.jp,Male,225.126.190.36
412,Verile,Peirpoint,vpeirpointbf@youtu.be,Female,104.95.111.176
413,Currie,Armell,carmellbg@hao123.com,Male,94.191.90.94
414,Clemence,Ambler,camblerbh@moonfruit.com,Female,40.0.141.16
415,Baxy,Bahls,bbahlsbi@i2i.jp,Male,28.180.136.54
416,Cybill,Kelbie,ckelbiebj@latimes.com,Female,9.32.49.5
417,Annette,Lezemere,alezemerebk@unblog.fr,Female,103.186.198.196
418,Lombard,Ganley,lganleybl@freewebs.com,Male,69.208.73.174
419,Jacquenette,Beasant,jbeasantbm@sciencedirect.com,Female,114.16.209.246
420,Alvis,Prandy,aprandybn@thetimes.co.uk,Male,233.109.126.197
421,Vanna,Benedicte,vbenedictebo@imdb.com,Female,158.160.124.152
422,Malanie,Elsmore,melsmorebp@cbslocal.com,Female,192.237.207.155
423,Inglis,Idle,iidlebq@cyberchimps.com,Male,95.161.182.126
424,Johannah,MacCahey,jmaccaheybr@amazon.co.jp,Female,84.174.78.155
425,Timmy,Bril,tbrilbs@last.fm,Male,28.139.206.55
426,Libby,Melato,lmelatobt@yellowpages.com,Female,249.232.49.104
427,Eliot,Cambden,ecambdenbu@dell.com,Male,248.253.8.63
428,Odette,Jodrellec,ojodrellecbv@cnet.com,Female,92.38.48.9
429,Hattie,Plenty,hplentybw@hugedomains.com,Female,42.119.47.70
430,Edward,Snoddin,esnoddinbx@surveymonkey.com,Male,126.14.76.180
431,Arleta,Rylance,arylanceby@bizjournals.com,Female,246.47.107.241
432,Mic,Needham,mneedhambz@reddit.com,Male,24.103.224.68
433,Katie,Isakovic,kisakovicc0@ibm.com,Female,221.235.141.3
434,Bambi,Sextie,bsextiec1@pbs.org,Female,77.183.210.192
435,Jaye,Fernie,jferniec2@washington.edu,Male,205.87.99.17
436,Randal,Caplan,rcaplanc3@zdnet.com,Male,251.195.118.111
437,Jozef,Musker,jmuskerc4@techcrunch.com,Male,199.204.31.96
438,Harley,Lefeaver,hlefeaverc5@nih.gov,Female,240.200.142.146
439,Wallie,Maloney,wmaloneyc6@mapquest.com,Male,111.237.181.214
440,Ellen,Oliff,eoliffc7@4shared.com,Female,82.164.109.68
441,Chase,Gohier,cgohierc8@unc.edu,Male,52.42.211.224
442,Skelly,Gummer,sgummerc9@xinhuanet.com,Male,82.134.76.222
443,Bentlee,Fermer,bfermerca@weather.com,Male,169.3.122.214
444,Kippie,Bickerstasse,kbickerstassecb@who.int,Female,216.140.41.189
445,Nelli,Bluck,nbluckcc@furl.net,Female,6.192.6.17
446,Doria,Worrell,dworrellcd@dailymotion.com,Female,32.200.170.127
447,Marybelle,Ditchburn,mditchburnce@issuu.com,Female,2.202.198.171
448,Noach,Beachamp,nbeachampcf@cafepress.com,Male,91.154.102.14
449,Cyrillus,Meins,cmeinscg@businessinsider.com,Male,151.19.209.131
450,Candace,Peepall,cpeepallch@exblog.jp,Female,116.120.1.0
451,Lonni,Cheavin,lcheavinci@alexa.com,Female,38.133.227.130
452,Gayel,Hawking,ghawkingcj@prnewswire.com,Female,111.245.195.23
453,Malachi,Allbon,mallbonck@nps.gov,Male,98.58.112.132
454,Crin,Bradwell,cbradwellcl@goodreads.com,Female,235.180.187.143
455,Hobey,Chaudrelle,hchaudrellecm@google.ca,Male,111.28.178.187
456,Ethan,Keady,ekeadycn@nih.gov,Male,163.105.54.51
457,Maureen,Huggins,mhugginsco@ox.ac.uk,Female,249.182.175.159
458,Dinny,Merritt,dmerrittcp@examiner.com,Female,5.16.82.57
459,Adeline,BURWIN,aburwincq@icq.com,Female,217.149.197.71
460,Erma,Woodrup,ewoodrupcr@google.de,Female,182.152.182.118
461,Hyacinthia,Cool,hcoolcs@slashdot.org,Female,204.199.15.42
462,Becky,Croall,bcroallct@squidoo.com,Female,10.89.112.41
463,Any,Bea,abeacu@vk.com,Male,125.247.169.12
464,Christian,Norkutt,cnorkuttcv@geocities.jp,Female,155.30.78.206
465,Cindie,de Najera,cdenajeracw@vistaprint.com,Female,111.6.89.193
466,Lorrayne,Elwel,lelwelcx@admin.ch,Female,88.23.83.33
467,Jackelyn,Ingleton,jingletoncy@1688.com,Female,157.219.67.120
468,Papagena,Maddinon,pmaddinoncz@newsvine.com,Female,69.41.98.81
469,Creigh,McKinnon,cmckinnond0@netscape.com,Male,191.200.136.1
470,Verge,MacAlaster,vmacalasterd1@yolasite.com,Male,87.146.144.250
471,Drusie,Diche,ddiched2@sciencedirect.com,Female,159.28.181.168
472,Wallie,Harriagn,wharriagnd3@ucoz.ru,Male,27.103.121.86
473,Deane,Backe,dbacked4@friendfeed.com,Male,119.113.128.117
474,Veradis,Philipart,vphilipartd5@hubpages.com,Female,136.51.202.83
475,Cass,Denison,cdenisond6@stanford.edu,Male,249.252.4.71
476,Laurence,Onion,loniond7@deliciousdays.com,Male,11.145.196.97
477,Babb,Jimeno,bjimenod8@blogs.com,Female,39.58.128.169
478,Gill,Jervois,gjervoisd9@prlog.org,Female,10.62.14.64
479,Marybelle,Kayzer,mkayzerda@arizona.edu,Female,244.150.117.17
480,Danit,Pedley,dpedleydb@posterous.com,Female,63.61.155.188
481,Lennard,Fearenside,lfearensidedc@icio.us,Male,83.64.45.119
482,Billy,Cadagan,bcadagandd@behance.net,Female,88.184.141.192
483,Shaine,Ketcher,sketcherde@nsw.gov.au,Female,35.45.27.122
484,Dorita,Spraggs,dspraggsdf@bing.com,Female,202.68.4.238
485,Rayshell,Arsnell,rarsnelldg@liveinternet.ru,Female,199.175.230.108
486,Torr,Saxon,tsaxondh@comcast.net,Male,228.242.36.66
487,Tobin,Le - Count,tlecountdi@ihg.com,Male,85.34.130.196
488,Perry,Seaborn,pseaborndj@stumbleupon.com,Female,243.114.182.68
489,Town,Shipsey,tshipseydk@soup.io,Male,238.197.92.91
490,Beverly,Dudgeon,bdudgeondl@usda.gov,Female,29.247.109.100
491,Annadiane,Alforde,aalfordedm@omniture.com,Female,119.248.199.189
492,Grata,Pooly,gpoolydn@techcrunch.com,Female,198.34.199.86
493,Anetta,Guerreru,aguerrerudo@slideshare.net,Female,175.106.192.236
494,Paloma,Daunter,pdaunterdp@nifty.com,Female,15.164.126.25
495,Tammara,Vieyra,tvieyradq@purevolume.com,Female,168.116.146.202
496,Tresa,Dmitrienko,tdmitrienkodr@abc.net.au,Female,233.166.51.240
497,Luciana,Backshall,lbackshallds@house.gov,Female,241.105.139.71
498,Domenico,Gabbat,dgabbatdt@alexa.com,Male,203.103.51.141
499,Ahmad,Goroni,agoronidu@opensource.org,Male,165.180.92.230
500,Gay,Gawkroge,ggawkrogedv@usa.gov,Female,127.72.252.57
501,Willey,Carless,wcarlessdw@hud.gov,Male,216.118.126.151
502,Leanora,Boulton,lboultondx@ibm.com,Female,125.97.3.165
503,Christophe,Peartree,cpeartreedy@chronoengine.com,Male,107.79.197.176
504,Brianne,Schirach,bschirachdz@narod.ru,Female,145.115.16.188
505,Candida,Siebart,csiebarte0@issuu.com,Female,144.25.236.230
506,Sonny,Wabey,swabeye1@icq.com,Male,73.16.129.173
507,Susanne,Ishchenko,sishchenkoe2@nyu.edu,Female,121.128.47.133
508,Gussy,Smallpiece,gsmallpiecee3@goo.ne.jp,Female,54.2.43.6
509,Rebecca,Puddifer,rpuddifere4@hexun.com,Female,101.23.0.233
510,Hobart,Downey,hdowneye5@spotify.com,Male,230.248.141.25
511,Jeanette,Winger,jwingere6@sfgate.com,Female,116.47.98.112
512,Emery,Creelman,ecreelmane7@china.com.cn,Male,168.206.125.138
513,Sloane,Yakov,syakove8@timesonline.co.uk,Male,113.75.39.81
514,Phillie,Underdown,punderdowne9@pagesperso-orange.fr,Female,44.126.158.242
515,Bryana,Shearsby,bshearsbyea@ning.com,Female,73.91.115.49
516,Tawsha,Pavlishchev,tpavlishcheveb@usatoday.com,Female,110.204.214.93
517,Esther,Leipnik,eleipnikec@vk.com,Female,110.215.245.221
518,Quinn,Harriss,qharrissed@livejournal.com,Female,69.83.27.99
519,Killie,Baynham,kbaynhamee@livejournal.com,Male,77.72.72.241
520,Dick,Follan,dfollanef@amazon.co.jp,Male,150.212.10.248
521,Jacenta,Learmonth,jlearmontheg@paginegialle.it,Female,58.87.131.99
522,Lev,Halfacree,lhalfacreeeh@businessinsider.com,Male,34.223.119.212
523,Kassi,Perroni,kperroniei@blog.com,Female,204.0.91.74
524,Taddeo,Hedin,thedinej@google.fr,Male,226.150.190.144
525,Aurore,Collingham,acollinghamek@accuweather.com,Female,247.209.147.161
526,Amy,Gordon-Giles,agordongilesel@themeforest.net,Female,79.77.91.82
527,Bentlee,Dewing,bdewingem@goodreads.com,Male,122.233.253.194
528,Hernando,Birbeck,hbirbecken@gravatar.com,Male,47.145.191.125
529,Betteanne,Keijser,bkeijsereo@biblegateway.com,Female,237.109.192.219
530,Melisent,Doudney,mdoudneyep@indiegogo.com,Female,61.68.193.253
531,Leland,Tomankiewicz,ltomankiewiczeq@youtu.be,Female,71.85.60.42
532,Nelli,Crolly,ncrollyer@php.net,Female,9.197.246.214
533,Shena,Hamner,shamneres@comcast.net,Female,159.111.4.228
534,Garvy,Clift,gcliftet@toplist.cz,Male,120.129.25.250
535,Peggy,Marchent,pmarchenteu@opera.com,Female,186.162.27.25
536,Millie,Riddick,mriddickev@accuweather.com,Female,12.234.70.127
537,Alphard,Rubinovitch,arubinovitchew@un.org,Male,84.59.147.135
538,Sheeree,Blase,sblaseex@google.com,Female,234.137.110.230
539,Fred,Lidgard,flidgardey@netvibes.com,Male,95.13.136.24
540,Jermaine,Dewes,jdewesez@webnode.com,Male,101.241.68.41
541,Eirena,Grichukhanov,egrichukhanovf0@msu.edu,Female,125.211.144.106
542,Ansel,Pellman,apellmanf1@google.ru,Male,51.254.0.117
543,Papagena,Alaway,palawayf2@ca.gov,Female,62.87.158.50
544,Tova,Edmund,tedmundf3@sogou.com,Female,225.70.64.149
545,Maurita,Aldus,maldusf4@arizona.edu,Female,102.144.153.196
546,Mateo,Eastment,meastmentf5@vk.com,Male,38.15.37.201
547,Liva,Aizikovich,laizikovichf6@ucla.edu,Female,253.78.243.68
548,Pauly,Handscombe,phandscombef7@simplemachines.org,Male,6.147.176.59
549,Lila,Iannetti,liannettif8@hibu.com,Female,205.244.70.105
550,Perle,Stiant,pstiantf9@go.com,Female,240.22.204.68
551,Dina,Kapelhoff,dkapelhofffa@google.co.jp,Female,36.195.24.63
552,Noam,Pedri,npedrifb@nymag.com,Male,216.246.187.32
553,Anett,Rainbow,arainbowfc@webnode.com,Female,84.124.222.161
554,Shea,Lambot,slambotfd@lycos.com,Female,177.177.96.58
555,Brita,Lawee,blaweefe@dot.gov,Female,234.47.154.121
556,Andrey,Rubke,arubkeff@joomla.org,Male,131.127.231.227
557,Cletis,Vanezis,cvanezisfg@dagondesign.com,Male,96.230.24.146
558,Tierney,Scrange,tscrangefh@jigsy.com,Female,91.252.228.99
559,Ransom,Mangion,rmangionfi@multiply.com,Male,114.136.111.37
560,Alberto,Cornewall,acornewallfj@bbc.co.uk,Male,53.75.113.6
561,Travis,Speeks,tspeeksfk@salon.com,Male,253.49.231.160
562,Whitby,Speariett,wspeariettfl@example.com,Male,73.222.42.200
563,Niall,Trusdale,ntrusdalefm@google.cn,Male,23.145.59.254
564,Harvey,Roose,hroosefn@qq.com,Male,180.202.221.114
565,Marve,Saltmarshe,msaltmarshefo@cnbc.com,Male,245.197.237.71
566,Gregorius,Knewstubb,gknewstubbfp@zimbio.com,Male,111.83.73.189
567,Thurston,McGillivray,tmcgillivrayfq@people.com.cn,Male,143.203.174.131
568,Germaine,Rihosek,grihosekfr@blinklist.com,Female,233.123.45.113
569,Wit,Hercules,wherculesfs@independent.co.uk,Male,235.227.254.160
570,Hilliard,Royan,hroyanft@devhub.com,Male,58.35.168.34
571,Merrily,McSkeagan,mmcskeaganfu@cnn.com,Female,227.185.200.220
572,Kasper,Dutson,kdutsonfv@netlog.com,Male,147.213.48.110
573,Anabel,Denington,adeningtonfw@last.fm,Female,170.96.204.43
574,Evvie,Pitone,epitonefx@sun.com,Female,143.127.173.69
575,Inna,Patterfield,ipatterfieldfy@dot.gov,Female,243.35.127.249
576,Brandy,Batting,bbattingfz@zdnet.com,Male,68.165.56.250
577,Papagena,Beasley,pbeasleyg0@twitter.com,Female,172.236.162.67
578,Alon,Tarborn,atarborng1@dell.com,Male,69.136.160.219
579,Egan,Sainte Paul,esaintepaulg2@hud.gov,Male,131.191.98.107
580,Wilhelmina,Bridger,wbridgerg3@chron.com,Female,217.185.105.113
581,Jone,Astley,jastleyg4@flavors.me,Male,68.28.249.196
582,Aristotle,Mintram,amintramg5@hugedomains.com,Male,219.154.165.167
583,Merrili,Bosley,mbosleyg6@goodreads.com,Female,156.125.42.136
584,Panchito,Yatman,pyatmang7@163.com,Male,57.178.110.189
585,Austin,Beed,abeedg8@prnewswire.com,Male,116.55.131.70
586,Arney,Lee,aleeg9@geocities.jp,Male,131.73.217.241
587,Goraud,Fowlie,gfowliega@networksolutions.com,Male,10.67.121.81
588,Aurelea,Clowney,aclowneygb@list-manage.com,Female,159.14.150.67
589,Chryste,Bamb,cbambgc@patch.com,Female,98.80.203.47
590,Merla,Winterton,mwintertongd@archive.org,Female,68.93.67.215
591,Galven,Britzius,gbritziusge@cnn.com,Male,68.123.55.241
592,Florencia,Moors,fmoorsgf@1688.com,Female,109.95.242.158
593,Ahmed,Pilbeam,apilbeamgg@reuters.com,Male,12.126.206.223
594,Wanda,Cullen,wcullengh@example.com,Female,201.188.158.228
595,Jacqueline,Glaum,jglaumgi@fda.gov,Female,182.246.120.148
596,Madelon,Mation,mmationgj@shareasale.com,Female,140.136.210.76
597,Chase,De Launde,cdelaundegk@oakley.com,Male,36.252.79.203
598,Eada,Conibear,econibeargl@a8.net,Female,120.86.34.253
599,Padraic,Rankin,prankingm@t.co,Male,136.241.23.145
600,Collette,Edsall,cedsallgn@marketwatch.com,Female,186.7.190.126
601,Lotta,Gurge,lgurgego@zimbio.com,Female,165.93.211.47
602,Coraline,Style,cstylegp@toplist.cz,Female,180.237.26.87
603,Rodrick,Ianittello,rianittellogq@boston.com,Male,79.85.86.182
604,Faun,Websdale,fwebsdalegr@yahoo.com,Female,24.115.242.42
605,Ynes,Boyton,yboytongs@is.gd,Female,138.87.68.13
606,Massimo,Lorence,mlorencegt@spiegel.de,Male,83.158.198.25
607,Sascha,Mattiassi,smattiassigu@paginegialle.it,Male,199.178.241.20
608,Fielding,Rintoul,frintoulgv@salon.com,Male,83.69.114.220
609,Rosalinda,Coulbeck,rcoulbeckgw@live.com,Female,64.98.24.213
610,Maribel,Mercik,mmercikgx@hud.gov,Female,192.86.160.242
611,Salem,Noel,snoelgy@goo.gl,Male,226.113.154.238
612,Paul,Blackater,pblackatergz@bluehost.com,Male,3.163.76.205
613,Jana,Tallowin,jtallowinh0@rakuten.co.jp,Female,40.187.97.86
614,Arny,Rubert,aruberth1@usgs.gov,Male,77.32.194.76
615,Sinclare,Condliffe,scondliffeh2@xrea.com,Male,100.37.121.223
616,Bethanne,Crighten,bcrightenh3@discuz.net,Female,205.117.222.76
617,Kary,Tinto,ktintoh4@blinklist.com,Female,150.147.169.148
618,Sherwin,Tanslie,stanslieh5@gizmodo.com,Male,99.220.89.247
619,Martie,Scambler,mscamblerh6@smh.com.au,Female,20.114.111.46
620,Erv,Gommowe,egommoweh7@symantec.com,Male,76.164.156.255
621,Muriel,Pattle,mpattleh8@shop-pro.jp,Female,140.106.254.151
622,Melinde,Scowen,mscowenh9@nbcnews.com,Female,85.40.74.168
623,Hodge,Casford,hcasfordha@examiner.com,Male,128.238.81.68
624,Zita,Beare,zbearehb@wikimedia.org,Female,194.152.98.93
625,Sibylle,Barkly,sbarklyhc@indiegogo.com,Female,84.255.96.240
626,Cly,Farnell,cfarnellhd@independent.co.uk,Male,196.105.229.97
627,Baxter,Betts,bbettshe@macromedia.com,Male,235.109.186.55
628,Lauri,Tumioto,ltumiotohf@yale.edu,Female,251.121.6.167
629,Marv,Augar,maugarhg@economist.com,Male,164.210.75.245
630,Broddy,De Moreno,bdemorenohh@ca.gov,Male,102.181.87.47
631,Antonella,Thurstan,athurstanhi@bing.com,Female,111.71.189.111
632,Albertina,Denziloe,adenziloehj@thetimes.co.uk,Female,243.86.148.177
633,Fredric,Bewfield,fbewfieldhk@infoseek.co.jp,Male,116.45.237.147
634,Nathan,Benns,nbennshl@ihg.com,Male,8.41.63.86
635,Mead,Clapperton,mclappertonhm@cargocollective.com,Male,247.159.13.16
636,Thomasin,Boyer,tboyerhn@rediff.com,Female,163.106.158.244
637,Domenico,Walewski,dwalewskiho@cbc.ca,Male,247.131.123.10
638,Babs,Glencrosche,bglencroschehp@disqus.com,Female,61.193.139.1
639,Ysabel,Greensitt,ygreensitthq@angelfire.com,Female,98.118.87.212
640,Caspar,Behnen,cbehnenhr@elpais.com,Male,203.88.194.220
641,Victoir,Charker,vcharkerhs@netvibes.com,Male,246.1.157.161
642,Orsola,McInerney,omcinerneyht@umn.edu,Female,83.176.117.9
643,Nataline,Morhall,nmorhallhu@ow.ly,Female,101.230.46.75
644,Kassandra,Raffeorty,kraffeortyhv@infoseek.co.jp,Female,125.56.36.114
645,Andria,MacFadin,amacfadinhw@taobao.com,Female,111.45.85.17
646,Arly,Bee,abeehx@pcworld.com,Female,117.30.236.128
647,Sibeal,Knewstubb,sknewstubbhy@sohu.com,Female,217.130.151.219
648,Jase,Jedrachowicz,jjedrachowiczhz@china.com.cn,Male,229.83.102.139
649,Reinhard,Greenacre,rgreenacrei0@hubpages.com,Male,56.118.96.233
650,Kristyn,Rydeard,krydeardi1@mysql.com,Female,15.168.23.238
651,Lutero,Hanmore,lhanmorei2@businessinsider.com,Male,37.38.254.253
652,Reinaldos,Seargeant,rseargeanti3@sfgate.com,Male,43.159.205.249
653,Findlay,Cradock,fcradocki4@tuttocitta.it,Male,85.144.68.11
654,Marcellina,Matyushenko,mmatyushenkoi5@miitbeian.gov.cn,Female,172.45.164.183
655,Mariette,Morrow,mmorrowi6@dion.ne.jp,Female,159.160.84.88
656,Reidar,Macvey,rmacveyi7@bluehost.com,Male,87.50.172.199
657,Sal,Loreit,sloreiti8@toplist.cz,Male,151.32.53.94
658,Silvano,Blaymires,sblaymiresi9@hud.gov,Male,117.8.132.50
659,Therine,Mertgen,tmertgenia@wunderground.com,Female,112.22.126.64
660,Buffy,Lilywhite,blilywhiteib@bing.com,Female,203.255.38.173
661,Retha,Haggerston,rhaggerstonic@bizjournals.com,Female,151.187.254.7
662,Clerissa,Dagon,cdagonid@opensource.org,Female,127.26.199.210
663,Dill,Gobeau,dgobeauie@wufoo.com,Male,94.226.36.104
664,Trix,Belcham,tbelchamif@epa.gov,Female,181.96.76.116
665,Evan,Leindecker,eleindeckerig@tinyurl.com,Male,52.215.37.95
666,Ashton,Klimuk,aklimukih@cornell.edu,Male,67.51.94.60
667,Mirabella,Trippitt,mtrippittii@phpbb.com,Female,93.109.81.8
668,Nannie,Adrianello,nadrianelloij@artisteer.com,Female,190.147.200.83
669,Viv,Scardifeild,vscardifeildik@guardian.co.uk,Female,84.67.161.249
670,Vladimir,Sinson,vsinsonil@lulu.com,Male,214.93.203.108
671,Kurt,Bleiman,kbleimanim@bbc.co.uk,Male,194.247.117.173
672,Chickie,Checchetelli,cchecchetelliin@epa.gov,Female,134.128.21.16
673,Staffard,Bohan,sbohanio@netscape.com,Male,119.169.177.198
674,Sherlock,Lowfill,slowfillip@rediff.com,Male,35.21.98.43
675,Theodosia,Hebson,thebsoniq@businessweek.com,Female,125.63.250.138
676,Jodi,Ellings,jellingsir@hud.gov,Male,62.78.90.185
677,Yevette,Seger,ysegeris@mapquest.com,Female,108.63.151.193
678,Joann,Olivella,jolivellait@vkontakte.ru,Female,180.136.161.95
679,Cordie,Julyan,cjulyaniu@opensource.org,Male,124.181.175.10
680,Huey,Pavie,hpavieiv@jiathis.com,Male,178.22.191.209
681,Nicolette,Sorensen,nsorenseniw@bluehost.com,Female,174.10.54.211
682,Gracia,Prandin,gprandinix@angelfire.com,Female,162.207.80.33
683,Carita,Braban,cbrabaniy@multiply.com,Female,158.135.209.12
684,Patin,Yard,pyardiz@printfriendly.com,Male,243.112.60.145
685,Esta,Bullus,ebullusj0@so-net.ne.jp,Female,133.208.8.233
686,Marc,Takle,mtaklej1@ucoz.com,Male,172.224.213.184
687,Giselle,Forre,gforrej2@discovery.com,Female,21.158.107.8
688,Flory,Campione,fcampionej3@ycombinator.com,Male,111.143.135.158
689,Harrietta,Astlet,hastletj4@prnewswire.com,Female,70.177.190.238
690,Frank,Jacson,fjacsonj5@wikispaces.com,Female,114.34.78.101
691,Cinda,Swithenby,cswithenbyj6@mayoclinic.com,Female,170.38.4.252
692,Lonna,Nabarro,lnabarroj7@freewebs.com,Female,101.115.186.126
693,Beverley,Zimmermeister,bzimmermeisterj8@ed.gov,Female,97.67.171.223
694,Filbert,Lafontaine,flafontainej9@odnoklassniki.ru,Male,252.116.241.185
695,Dianne,Sooper,dsooperja@csmonitor.com,Female,112.175.140.237
696,Saxe,Knowlman,sknowlmanjb@zimbio.com,Male,113.121.250.5
697,Valida,O' Donohoe,vodonohoejc@jimdo.com,Female,184.82.230.147
698,Corina,Dresche,cdreschejd@w3.org,Female,212.91.7.55
699,Aleksandr,Shipp,ashippje@sitemeter.com,Male,173.72.69.219
700,Avril,Cotterrill,acotterrilljf@unblog.fr,Female,42.2.29.104
701,Abdul,Arundel,aarundeljg@eventbrite.com,Male,67.74.253.133
702,Harv,Flaxon,hflaxonjh@usgs.gov,Male,247.53.225.61
703,Skylar,Cranmer,scranmerji@theglobeandmail.com,Male,48.120.208.239
704,Frederica,Caren,fcarenjj@163.com,Female,44.35.104.250
705,Niles,Upwood,nupwoodjk@google.es,Male,143.64.134.141
706,Jard,Mellenby,jmellenbyjl@gmpg.org,Male,134.106.76.233
707,Bevon,Dommett,bdommettjm@facebook.com,Male,213.242.26.74
708,Erie,Connelly,econnellyjn@1und1.de,Male,21.78.159.109
709,Devina,Chaffen,dchaffenjo@tiny.cc,Female,159.147.5.89
710,Alia,Robinette,arobinettejp@networkadvertising.org,Female,75.110.221.246
711,Cassi,Broadbear,cbroadbearjq@reuters.com,Female,51.75.205.123
712,Rabbi,Gorgen,rgorgenjr@furl.net,Male,250.37.203.86
713,Dolf,Keher,dkeherjs@ibm.com,Male,185.162.219.129
714,Josy,Hymans,jhymansjt@oracle.com,Female,17.45.238.102
715,Robin,Scarlon,rscarlonju@ucsd.edu,Female,143.127.132.195
716,Dur,Poag,dpoagjv@usda.gov,Male,213.175.201.243
717,Lelia,Fickling,lficklingjw@utexas.edu,Female,197.204.105.77
718,Cyrillus,De Ruel,cderueljx@deliciousdays.com,Male,5.250.42.63
719,Craggy,Vannoort,cvannoortjy@constantcontact.com,Male,196.95.203.49
720,Garek,Brotherwood,gbrotherwoodjz@salon.com,Male,177.193.41.209
721,Elwira,Brownill,ebrownillk0@altervista.org,Female,236.89.188.46
722,Cale,Perrycost,cperrycostk1@jiathis.com,Male,186.3.131.16
723,Brendin,Corrington,bcorringtonk2@eventbrite.com,Male,205.63.7.140
724,Emmalynn,Dineen,edineenk3@creativecommons.org,Female,17.16.166.170
725,Silvanus,Tinkham,stinkhamk4@bluehost.com,Male,55.4.213.62
726,Ianthe,Vaudre,ivaudrek5@yolasite.com,Female,204.221.91.33
727,Nicol,Hanbury,nhanburyk6@noaa.gov,Female,101.230.104.71
728,Hieronymus,Greenslade,hgreensladek7@wufoo.com,Male,115.100.165.165
729,Elnora,Culpan,eculpank8@ameblo.jp,Female,213.177.30.82
730,Carmon,Pfiffer,cpfifferk9@wunderground.com,Female,240.64.14.96
731,Amil,MacKartan,amackartanka@mapy.cz,Female,107.97.146.108
732,Thaddus,Woolley,twoolleykb@ihg.com,Male,54.39.244.26
733,Caldwell,Whittock,cwhittockkc@i2i.jp,Male,136.224.130.20
734,Daniella,Boscott,dboscottkd@goodreads.com,Female,27.99.144.68
735,Sallyanne,Marcroft,smarcroftke@plala.or.jp,Female,156.195.2.72
736,Cindee,Maudett,cmaudettkf@stanford.edu,Female,112.100.149.23
737,Valeda,Jossum,vjossumkg@freewebs.com,Female,114.33.83.141
738,Cordelie,Layus,clayuskh@zdnet.com,Female,107.23.152.41
739,Rafaelita,Local,rlocalki@miitbeian.gov.cn,Female,60.250.59.209
740,Melissa,Jerwood,mjerwoodkj@spiegel.de,Female,148.128.179.146
741,Orion,Ragbourne,oragbournekk@phoca.cz,Male,191.51.3.71
742,Kenneth,Spillard,kspillardkl@loc.gov,Male,252.239.97.248
743,Carney,Benardette,cbenardettekm@virginia.edu,Male,211.201.97.242
744,Christoper,Martland,cmartlandkn@stumbleupon.com,Male,78.8.22.93
745,Tobit,Yanne,tyanneko@vk.com,Male,69.59.150.171
746,Ingrid,Kurton,ikurtonkp@wikispaces.com,Female,78.218.234.182
747,Jolee,Siddeley,jsiddeleykq@wsj.com,Female,17.169.78.15
748,Bastien,Wainwright,bwainwrightkr@patch.com,Male,182.107.66.97
749,Normy,Haggata,nhaggataks@wunderground.com,Male,120.184.231.147
750,Debby,Caltun,dcaltunkt@harvard.edu,Female,121.118.80.125
751,Washington,Comellini,wcomelliniku@ameblo.jp,Male,213.33.218.73
752,Falkner,Kemsley,fkemsleykv@businessinsider.com,Male,239.253.117.229
753,Ola,Dubock,odubockkw@dailymail.co.uk,Female,224.229.168.32
754,Leonerd,Raftery,lrafterykx@pinterest.com,Male,145.176.154.31
755,Sansone,Gianninotti,sgianninottiky@nbcnews.com,Male,169.80.7.2
756,Kinna,Franzel,kfranzelkz@amazon.com,Female,170.238.82.252
757,Milli,Eastcott,meastcottl0@hhs.gov,Female,55.65.136.23
758,Othilie,Demare,odemarel1@domainmarket.com,Female,149.251.217.227
759,Mureil,Meekins,mmeekinsl2@g.co,Female,197.2.240.169
760,Juliet,Charman,jcharmanl3@furl.net,Female,17.180.27.177
761,Beau,Tesyro,btesyrol4@blogtalkradio.com,Male,244.249.140.186
762,Theda,Hasel,thasell5@opera.com,Female,36.123.247.81
763,Brion,Paal,bpaall6@time.com,Male,88.182.131.231
764,Port,Lucius,pluciusl7@newsvine.com,Male,177.221.166.196
765,Ricki,Cabral,rcabrall8@ustream.tv,Female,229.120.101.58
766,Ches,Bartocci,cbartoccil9@t-online.de,Male,209.47.174.23
767,Immanuel,Zettler,izettlerla@php.net,Male,86.84.12.196
768,Errol,Ridgewell,eridgewelllb@imdb.com,Male,227.44.84.114
769,Fredra,McVee,fmcveelc@hhs.gov,Female,183.194.40.226
770,Franzen,Sergeant,fsergeantld@noaa.gov,Male,8.166.228.43
771,Zola,Revan,zrevanle@fc2.com,Female,110.237.111.225
772,Ozzy,Adcocks,oadcockslf@reuters.com,Male,164.226.211.68
773,Elwyn,Teape,eteapelg@google.com.br,Male,57.175.43.240
774,Rita,Appleyard,rappleyardlh@chronoengine.com,Female,111.55.83.143
775,Edythe,Sisse,esisseli@latimes.com,Female,81.99.61.94
776,Marge,Dana,mdanalj@1und1.de,Female,82.232.205.130
777,Thain,Balogun,tbalogunlk@exblog.jp,Male,172.142.127.101
778,Molly,Burtt,mburttll@tinyurl.com,Female,133.46.46.12
779,Moss,Bilovsky,mbilovskylm@github.io,Male,172.248.242.140
780,Hillery,Wadhams,hwadhamsln@people.com.cn,Male,235.239.96.28
781,Sharai,Stockbridge,sstockbridgelo@surveymonkey.com,Female,200.66.45.188
782,Yasmin,Sockell,ysockelllp@kickstarter.com,Female,3.227.10.151
783,Sansone,Dilliway,sdilliwaylq@people.com.cn,Male,12.60.185.210
784,Randee,MacTerrelly,rmacterrellylr@marriott.com,Female,167.140.44.29
785,Joseito,Rozier,jrozierls@google.co.jp,Male,32.51.9.190
786,Halli,Kearey,hkeareylt@slashdot.org,Female,184.143.100.86
787,Tandie,Fullun,tfullunlu@vinaora.com,Female,215.128.113.225
788,Calida,Martindale,cmartindalelv@livejournal.com,Female,69.144.153.255
789,Bekki,Bourthouloume,bbourthouloumelw@theguardian.com,Female,90.198.151.30
790,Gardiner,Sywell,gsywelllx@springer.com,Male,215.86.211.84
791,Erwin,Boast,eboastly@wikia.com,Male,178.140.231.135
792,Cindelyn,Pass,cpasslz@usatoday.com,Female,31.155.180.228
793,Pauly,Maxwaile,pmaxwailem0@paypal.com,Female,225.105.54.110
794,Terrie,Onn,tonnm1@xing.com,Female,230.103.115.57
795,Reinwald,Burtonshaw,rburtonshawm2@sina.com.cn,Male,212.21.246.47
796,Moira,Hatfull,mhatfullm3@unesco.org,Female,82.204.87.17
797,Wylie,Girdlestone,wgirdlestonem4@buzzfeed.com,Male,176.164.112.218
798,Ann,Berringer,aberringerm5@deviantart.com,Female,199.156.199.228
799,Rawley,Alexis,ralexism6@slashdot.org,Male,51.143.254.141
800,Rene,Hamlet,rhamletm7@hibu.com,Male,28.144.242.8
801,Randell,Tumilty,rtumiltym8@4shared.com,Male,39.92.194.207
802,Feliks,Winch,fwinchm9@loc.gov,Male,122.25.227.219
803,Godart,Pulford,gpulfordma@trellian.com,Male,52.168.231.177
804,Esme,Romanini,eromaninimb@behance.net,Male,102.45.250.192
805,Robinette,Tambling,rtamblingmc@umn.edu,Female,206.42.105.70
806,Barri,Hollows,bhollowsmd@fda.gov,Male,190.0.65.138
807,Mariana,Bott,mbottme@prnewswire.com,Female,215.76.42.179
808,Manfred,Bugdale,mbugdalemf@shop-pro.jp,Male,212.61.102.76
809,Ula,Camelia,ucameliamg@linkedin.com,Female,237.178.128.122
810,Sander,Bocock,sbocockmh@myspace.com,Male,113.144.233.91
811,Calley,Murray,cmurraymi@sfgate.com,Female,227.91.206.250
812,Winfred,Daile,wdailemj@qq.com,Male,208.202.238.155
813,Angelika,Baggallay,abaggallaymk@google.de,Female,251.105.108.129
814,Mariska,Chrystal,mchrystalml@freewebs.com,Female,155.170.73.70
815,Cary,Sprouls,csproulsmm@squidoo.com,Female,129.179.53.196
816,Aguie,Reisenberg,areisenbergmn@godaddy.com,Male,6.63.14.228
817,Aron,Skoggings,askoggingsmo@sphinn.com,Male,173.68.168.168
818,Dagny,Illing,dillingmp@flickr.com,Male,180.202.209.80
819,Christin,Astie,castiemq@github.io,Female,140.52.95.161
820,Sid,Murkitt,smurkittmr@miibeian.gov.cn,Male,148.24.108.86
821,Frayda,Theuff,ftheuffms@delicious.com,Female,77.74.111.211
822,Karee,Robinett,krobinettmt@examiner.com,Female,213.55.145.69
823,Jacquelyn,Parr,jparrmu@webeden.co.uk,Female,57.107.113.162
824,Bent,Morby,bmorbymv@furl.net,Male,234.248.1.170
825,Burgess,Dregan,bdreganmw@prweb.com,Male,100.156.123.112
826,Ulberto,Lensch,ulenschmx@phpbb.com,Male,35.54.187.16
827,Hedvige,Leppard,hleppardmy@dagondesign.com,Female,184.222.212.132
828,Matthiew,Wasbrough,mwasbroughmz@mayoclinic.com,Male,53.131.38.58
829,Boniface,Guilliatt,bguilliattn0@naver.com,Male,27.86.239.199
830,Aloisia,Olenikov,aolenikovn1@github.io,Female,34.193.215.25
831,Shurwood,Gernier,sgerniern2@desdev.cn,Male,211.27.192.164
832,Aryn,Kisting,akistingn3@weather.com,Female,253.12.62.137
833,Keelby,Prin,kprinn4@tuttocitta.it,Male,181.51.233.121
834,Bertha,Hardie,bhardien5@chron.com,Female,45.107.135.136
835,Verine,Orneles,vornelesn6@simplemachines.org,Female,141.93.182.6
836,Erhart,Peto,epeton7@woothemes.com,Male,40.211.175.63
837,Ilyse,Hounsom,ihounsomn8@multiply.com,Female,252.17.134.6
838,Calida,Hughlin,chughlinn9@mac.com,Female,190.57.114.195
839,Sasha,Powling,spowlingna@cbsnews.com,Male,154.95.108.42
840,Laurianne,Sambals,lsambalsnb@google.fr,Female,237.198.73.115
841,Crosby,Segebrecht,csegebrechtnc@sogou.com,Male,219.77.185.1
842,Blondie,Tappington,btappingtonnd@nih.gov,Female,153.129.69.4
843,Cristin,Shucksmith,cshucksmithne@comcast.net,Female,68.202.217.67
844,Sosanna,Lerven,slervennf@sourceforge.net,Female,189.207.177.231
845,Quinton,Wogan,qwoganng@newsvine.com,Male,233.71.199.5
846,Perice,Phifer,pphifernh@cornell.edu,Male,170.115.76.44
847,Sutherland,Caudwell,scaudwellni@google.de,Male,7.123.94.21
848,Averell,Allbon,aallbonnj@hhs.gov,Male,78.239.249.3
849,Frasquito,Ragborne,fragbornenk@tiny.cc,Male,150.241.13.40
850,Aldridge,Seid,aseidnl@xinhuanet.com,Male,129.176.94.16
851,Evered,Rainy,erainynm@scribd.com,Male,44.92.115.161
852,Delcina,Baroche,dbarochenn@canalblog.com,Female,115.53.213.204
853,Risa,Moresby,rmoresbyno@scribd.com,Female,66.255.172.91
854,Millisent,Barrott,mbarrottnp@sitemeter.com,Female,53.80.52.63
855,Sallyann,Kinder,skindernq@un.org,Female,108.253.204.70
856,Meridith,Knowlys,mknowlysnr@godaddy.com,Female,209.210.215.176
857,Wendie,Farnes,wfarnesns@ifeng.com,Female,20.248.183.35
858,Carlee,Pawelek,cpaweleknt@freewebs.com,Female,235.190.139.99
859,Berthe,Brooksbie,bbrooksbienu@cam.ac.uk,Female,237.20.155.188
860,Chadwick,Coraini,ccoraininv@altervista.org,Male,79.87.11.255
861,Rosemonde,Bullivant,rbullivantnw@soup.io,Female,49.123.153.221
862,Sharyl,Rowlands,srowlandsnx@jugem.jp,Female,73.70.38.56
863,Angelico,D'Hooge,adhoogeny@geocities.com,Male,27.159.50.196
864,Charil,Artindale,cartindalenz@ucoz.ru,Female,37.94.81.186
865,Marge,Fardoe,mfardoeo0@google.es,Female,41.47.120.222
866,Essy,Lowdes,elowdeso1@google.ca,Female,130.190.142.207
867,Barret,Harvison,bharvisono2@amazon.de,Male,220.119.30.19
868,Erasmus,Boxall,eboxallo3@cbsnews.com,Male,125.247.15.166
869,Yvor,Ream,yreamo4@ucla.edu,Male,100.220.217.34
870,Harland,Weaben,hweabeno5@desdev.cn,Male,63.150.244.72
871,Art,Nekrews,anekrewso6@vk.com,Male,51.28.98.234
872,Jere,Kloster,jklostero7@miibeian.gov.cn,Female,207.151.132.227
873,Myrna,Poznanski,mpoznanskio8@chron.com,Female,97.38.45.67
874,Karina,Krojn,kkrojno9@ocn.ne.jp,Female,81.235.94.76
875,Benedicto,Valentim,bvalentimoa@cnn.com,Male,64.136.13.99
876,Hobart,Gribbon,hgribbonob@apache.org,Male,7.219.168.61
877,Jervis,Downing,jdowningoc@thetimes.co.uk,Male,135.226.122.200
878,Polly,de Copeman,pdecopemanod@gmpg.org,Female,3.38.16.62
879,Guinna,Lamprey,glampreyoe@hc360.com,Female,190.124.206.221
880,Harcourt,Goggey,hgoggeyof@cbslocal.com,Male,64.244.133.213
881,Stefan,Reboul,sreboulog@ft.com,Male,42.49.12.96
882,Vladimir,Sedwick,vsedwickoh@yolasite.com,Male,168.13.14.170
883,Arvin,Tipler,atipleroi@unicef.org,Male,82.42.119.247
884,Boycie,Hoonahan,bhoonahanoj@sfgate.com,Male,144.170.94.169
885,Jarrod,Getty,jgettyok@yale.edu,Male,41.213.205.227
886,Giffie,Reiach,greiachol@addtoany.com,Male,180.113.49.127
887,Pascale,Candelin,pcandelinom@shop-pro.jp,Male,5.110.179.205
888,Berti,McFarlan,bmcfarlanon@purevolume.com,Male,207.164.69.65
889,Gianni,Maith,gmaithoo@clickbank.net,Male,167.142.83.47
890,Moore,Gligorijevic,mgligorijevicop@t.co,Male,19.158.244.137
891,Anne,Ellam,aellamoq@vkontakte.ru,Female,93.158.156.245
892,Rebbecca,Hoonahan,rhoonahanor@tripod.com,Female,104.27.88.19
893,Chen,Bednell,cbednellos@reddit.com,Male,156.37.155.176
894,Jon,Kleinstub,jkleinstubot@homestead.com,Male,144.106.167.174
895,Shandie,Spinnace,sspinnaceou@meetup.com,Female,197.75.148.233
896,Theresita,Kisbee,tkisbeeov@amazon.co.uk,Female,62.192.40.107
897,Clarine,Conibere,cconibereow@google.ru,Female,93.84.237.96
898,Freedman,Ehrat,fehratox@bizjournals.com,Male,87.57.56.239
899,Bear,Salkeld,bsalkeldoy@privacy.gov.au,Male,8.27.199.129
900,Hart,Skelhorne,hskelhorneoz@craigslist.org,Male,110.134.27.56
901,Alejandrina,Tiuit,atiuitp0@unblog.fr,Female,171.150.99.42
902,Yvonne,Drinkhall,ydrinkhallp1@edublogs.org,Female,228.184.52.228
903,Barnebas,Brownsea,bbrownseap2@godaddy.com,Male,228.48.226.156
904,Stanfield,Zamudio,szamudiop3@cnn.com,Male,182.243.187.235
905,Freddy,Suffe,fsuffep4@wikia.com,Male,151.199.153.190
906,Skyler,Nisard,snisardp5@trellian.com,Male,110.64.103.191
907,Doralin,Pays,dpaysp6@bizjournals.com,Female,152.82.234.95
908,Tyne,Maynard,tmaynardp7@zdnet.com,Female,36.155.193.167
909,Melloney,Dineen,mdineenp8@ycombinator.com,Female,229.0.53.244
910,Dom,Plessing,dplessingp9@free.fr,Male,140.199.255.184
911,Rodge,Hackwell,rhackwellpa@dion.ne.jp,Male,70.8.57.20
912,Magdalena,Greason,mgreasonpb@stumbleupon.com,Female,68.188.45.199
913,Doralynn,Dillway,ddillwaypc@timesonline.co.uk,Female,233.183.31.0
914,Stella,Thiolier,sthiolierpd@parallels.com,Female,234.106.193.192
915,Constancy,McQuin,cmcquinpe@parallels.com,Female,4.140.171.236
916,Ignacius,Bergin,iberginpf@google.pl,Male,186.30.101.128
917,Auberon,Gerardin,agerardinpg@telegraph.co.uk,Male,150.78.41.19
918,Johny,Patullo,jpatulloph@economist.com,Male,141.77.113.173
919,Hillier,Sweett,hsweettpi@sakura.ne.jp,Male,157.153.77.139
920,Normie,Bangiard,nbangiardpj@hubpages.com,Male,224.119.148.192
921,Konstantine,Keast,kkeastpk@discovery.com,Male,202.186.94.162
922,Willa,Cringle,wcringlepl@moonfruit.com,Female,104.111.244.124
923,Salem,Hagwood,shagwoodpm@nyu.edu,Male,23.146.130.124
924,Ruddie,Pendergrast,rpendergrastpn@sakura.ne.jp,Male,98.82.232.107
925,Kaine,Flanigan,kflaniganpo@weebly.com,Male,133.18.243.142
926,West,Addess,waddesspp@reference.com,Male,153.141.54.69
927,Erskine,Inchan,einchanpq@nymag.com,Male,254.191.129.149
928,Perice,Piola,ppiolapr@cnet.com,Male,45.205.171.157
929,Glynnis,Lealle,glealleps@umn.edu,Female,172.191.70.181
930,Pammy,Goldman,pgoldmanpt@samsung.com,Female,41.117.126.205
931,Grady,Ledgley,gledgleypu@histats.com,Male,100.168.226.242
932,Norina,Goymer,ngoymerpv@si.edu,Female,78.32.131.153
933,Kizzee,Ranyell,kranyellpw@theglobeandmail.com,Female,212.24.41.232
934,Irv,Antoinet,iantoinetpx@baidu.com,Male,99.233.170.6
935,Coletta,Jacquemy,cjacquemypy@meetup.com,Female,162.208.206.5
936,Liv,Clift,lcliftpz@army.mil,Female,175.216.237.184
937,Benn,Balsom,bbalsomq0@tinyurl.com,Male,219.226.127.132
938,Rupert,Mayhead,rmayheadq1@weibo.com,Male,209.89.211.120
939,Blakelee,Climie,bclimieq2@canalblog.com,Female,249.249.224.177
940,Hollie,McLoughlin,hmcloughlinq3@devhub.com,Female,216.142.150.7
941,Waverly,Davidwitz,wdavidwitzq4@fema.gov,Male,132.190.218.164
942,Thaxter,Ferencz,tferenczq5@youtu.be,Male,107.159.60.29
943,Coletta,Gross,cgrossq6@hatena.ne.jp,Female,156.16.222.61
944,Trenna,Ellsworthe,tellswortheq7@github.com,Female,210.83.48.80
945,Hollie,Glowach,hglowachq8@hc360.com,Female,225.52.124.17
946,Atlanta,Lusgdin,alusgdinq9@examiner.com,Female,236.204.0.151
947,Cory,M'Quhan,cmquhanqa@yellowpages.com,Female,63.77.28.126
948,Reggy,Dewberry,rdewberryqb@ehow.com,Male,135.158.47.166
949,Brock,Bidnall,bbidnallqc@cloudflare.com,Male,156.96.85.200
950,Hansiain,Guswell,hguswellqd@tripod.com,Male,73.189.116.21
951,Ali,Billion,abillionqe@oaic.gov.au,Male,175.105.81.117
952,Wake,McVie,wmcvieqf@shinystat.com,Male,242.185.250.47
953,Mildrid,Gillion,mgillionqg@goo.ne.jp,Female,12.100.166.171
954,Forster,Cars,fcarsqh@umn.edu,Male,215.27.239.20
955,Dave,Moule,dmouleqi@discovery.com,Male,14.165.129.120
956,Claudette,Fidler,cfidlerqj@w3.org,Female,187.203.123.24
957,Emlynne,Olrenshaw,eolrenshawqk@prnewswire.com,Female,214.137.77.95
958,Charmine,Bewsey,cbewseyql@google.fr,Female,71.204.214.21
959,Atalanta,Goodenough,agoodenoughqm@drupal.org,Female,77.44.137.105
960,Doria,Riddall,driddallqn@dailymotion.com,Female,155.69.220.93
961,Kimbell,Buffy,kbuffyqo@npr.org,Male,250.76.18.170
962,Web,Plumbe,wplumbeqp@technorati.com,Male,222.223.37.203
963,Isis,Casebourne,icasebourneqq@clickbank.net,Female,235.53.150.20
964,Elsie,Sworder,esworderqr@rakuten.co.jp,Female,199.161.201.51
965,Averyl,Packington,apackingtonqs@yahoo.co.jp,Female,213.130.121.59
966,Barbra,Meynell,bmeynellqt@amazon.co.jp,Female,32.253.207.135
967,Niel,Seeman,nseemanqu@trellian.com,Male,239.184.133.226
968,Archy,Cotterel,acotterelqv@bandcamp.com,Male,111.115.195.229
969,Angie,Bannon,abannonqw@sciencedaily.com,Male,45.5.21.110
970,Kaitlyn,Antoszewski,kantoszewskiqx@patch.com,Female,122.36.129.155
971,Burt,Sapsforde,bsapsfordeqy@mashable.com,Male,166.205.254.95
972,Kalinda,McNickle,kmcnickleqz@noaa.gov,Female,31.115.64.42
973,Clement,Itzkovsky,citzkovskyr0@foxnews.com,Male,242.204.178.81
974,Jaimie,Goldfinch,jgoldfinchr1@wikia.com,Male,144.70.214.134
975,Merwin,Seals,msealsr2@jugem.jp,Male,73.180.79.23
976,Perri,Kwietek,pkwietekr3@archive.org,Female,35.74.253.209
977,Madella,Branford,mbranfordr4@ovh.net,Female,165.23.40.124
978,Ellie,Snyder,esnyderr5@un.org,Female,12.113.185.124
979,Francoise,Brayn,fbraynr6@unc.edu,Female,219.6.248.224
980,Iris,Franchioni,ifranchionir7@dot.gov,Female,177.47.200.207
981,Leodora,Saffell,lsaffellr8@myspace.com,Female,188.131.182.159
982,Haily,Clemmow,hclemmowr9@jugem.jp,Male,92.150.20.109
983,Michael,Fisbburne,mfisbburnera@redcross.org,Male,127.97.1.31
984,Bendicty,Brumham,bbrumhamrb@google.com.au,Male,125.244.82.78
985,Tamarra,Ferris,tferrisrc@marriott.com,Female,59.158.196.170
986,Randi,Penchen,rpenchenrd@cargocollective.com,Male,4.96.54.138
987,Jillane,Blizard,jblizardre@flickr.com,Female,230.139.176.237
988,Erhard,Kemball,ekemballrf@mediafire.com,Male,32.35.237.226
989,Winny,Colbron,wcolbronrg@cam.ac.uk,Female,37.118.122.238
990,Kimberli,Carlyon,kcarlyonrh@narod.ru,Female,47.165.175.3
991,Rorke,Traske,rtraskeri@edublogs.org,Male,254.130.71.148
992,Edlin,McCarrell,emccarrellrj@cnbc.com,Male,73.8.77.21
993,Frannie,Full,ffullrk@google.cn,Male,78.253.171.42
994,Carolin,Lockey,clockeyrl@themeforest.net,Female,115.202.251.138
995,Goran,Willford,gwillfordrm@aboutads.info,Male,254.152.238.171
996,Melli,Luby,mlubyrn@vinaora.com,Female,133.18.231.107
997,Minny,Hopkins,mhopkinsro@slideshare.net,Female,57.233.111.131
998,Lotta,Kern,lkernrp@imdb.com,Female,125.218.24.99
999,Buffy,Culkin,bculkinrq@myspace.com,Female,89.77.161.75
1000,Agnese,Bruckmann,abruckmannrr@examiner.com,Female,207.217.6.76
